{"num_train": 1000, "num_valid": 800, "num_test": 800, "_timestamp": 1690698011.9142048, "_runtime": 1.4718048572540283, "_step": 0, "GFLOPs": 0.8472719765}