{"num_train": 1000, "num_valid": 800, "num_test": 800, "_timestamp": 1690698663.562772, "_runtime": 653.1203720569611, "_step": 3, "GFLOPs": 0.8472719765, "epoch": 1, "loss": 0.6683571934700012, "binary_accuracy": 0.742943525314331, "precision": 0.7786458134651184, "recall": 0.6375266313552856, "f1_score": 0.7010550498962402, "val_loss": 0.6048426628112793, "val_binary_accuracy": 0.8224999904632568, "val_precision": 0.9510489702224731, "val_recall": 0.6800000071525574, "val_f1_score": 0.7930029630661011, "lr": 0.00016250000044237822, "best_val_loss": 0.6048426628112793, "best_epoch": 1, "best": {"valid": {"loss": 0.6131666302680969, "binary_accuracy": 0.8262500166893005, "precision": 0.9547038078308105, "recall": 0.6850000023841858, "f1_score": 0.7976710200309753}, "test": {"loss": 1.0333621501922607, "binary_accuracy": 0.7099999785423279, "precision": 0.9468085169792175, "recall": 0.4449999928474426, "f1_score": 0.6054421663284302}, "epoch": 2}, "_wandb": {"runtime": 651}}