{"num_train": 1000, "num_valid": 800, "num_test": 800, "_timestamp": 1690698295.9604568, "_runtime": 285.51805686950684, "_step": 1, "GFLOPs": 0.8472719765, "epoch": 0, "loss": 0.8598989844322205, "binary_accuracy": 0.5453628897666931, "precision": 0.5373665690422058, "recall": 0.6125760674476624, "f1_score": 0.5725118517875671, "val_loss": 0.8713575601577759, "val_binary_accuracy": 0.5537499785423279, "val_precision": 0.8524590134620667, "val_recall": 0.12999999523162842, "val_f1_score": 0.22559651732444763, "lr": 4.999999873689376e-05, "best_val_loss": 0.8713575601577759, "best_epoch": 0}