{"num_train": 1000, "num_valid": 800, "num_test": 800, "_timestamp": 1690703978.781375, "_runtime": 304.28263902664185, "_step": 2, "GFLOPs": 0.8472719765, "epoch": 1, "loss": 0.7650638818740845, "binary_accuracy": 0.6875, "precision": 0.693203866481781, "recall": 0.7013752460479736, "f1_score": 0.697265625, "val_loss": 1.442337155342102, "val_binary_accuracy": 0.5074999928474426, "val_precision": 1.0, "val_recall": 0.014999999664723873, "val_f1_score": 0.029556650668382645, "lr": 0.00016250000044237822, "best_val_loss": 0.8599390983581543, "best_epoch": 0, "_wandb": {"runtime": 304}}