{"num_train": 1000, "num_valid": 800, "num_test": 800, "_timestamp": 1690710108.268469, "_runtime": 292.65715312957764, "_step": 2, "GFLOPs": 0.8472719765, "epoch": 1, "loss": 0.7136852145195007, "binary_accuracy": 0.7288306355476379, "precision": 0.7552447319030762, "recall": 0.6639344096183777, "f1_score": 0.706652045249939, "val_loss": 0.8168973326683044, "val_binary_accuracy": 0.6137499809265137, "val_precision": 0.5649072527885437, "val_recall": 0.9900000095367432, "val_f1_score": 0.7193459868431091, "lr": 0.00016250000044237822, "best_val_loss": 0.8168973326683044, "best_epoch": 1, "_wandb": {"runtime": 292}}