{"num_train": 1000, "num_valid": 800, "num_test": 800, "_timestamp": 1690700103.213228, "_runtime": 261.1554501056671, "_step": 2, "GFLOPs": 0.8472719765, "epoch": 1, "loss": 0.7121351361274719, "binary_accuracy": 0.7237903475761414, "precision": 0.7505938410758972, "recall": 0.6515464186668396, "f1_score": 0.6975717544555664, "val_loss": 1.7490108013153076, "val_binary_accuracy": 0.5587499737739563, "val_precision": 1.0, "val_recall": 0.11749999970197678, "val_f1_score": 0.2102908343076706, "lr": 0.00016250000044237822, "best_val_loss": 0.8480004668235779, "best_epoch": 0, "_wandb": {"runtime": 260}}