{"num_train": 1000, "num_valid": 800, "num_test": 800, "_timestamp": 1690652384.70443, "_runtime": 1.3511500358581543, "_step": 0}