{"num_train": 1000, "num_valid": 800, "num_test": 800, "_timestamp": 1690652785.326009, "_runtime": 401.9727289676666, "_step": 2, "epoch": 1, "loss": 0.7786086797714233, "binary_accuracy": 0.6794354915618896, "precision": 0.6889401078224182, "recall": 0.6203319430351257, "f1_score": 0.6528384685516357, "val_loss": 1.3813360929489136, "val_binary_accuracy": 0.5537499785423279, "val_precision": 1.0, "val_recall": 0.10750000178813934, "val_f1_score": 0.19413094222545624, "lr": 0.00016250000044237822, "best_val_loss": 0.8617606163024902, "best_epoch": 0, "_wandb": {"runtime": 401}}