{"num_train": 1000, "num_valid": 800, "num_test": 800, "_timestamp": 1690655781.459397, "_runtime": 547.4713320732117, "_step": 3, "GFLOPs": 0.8472719765, "epoch": 1, "loss": 0.703117847442627, "binary_accuracy": 0.7298387289047241, "precision": 0.7257019281387329, "recall": 0.704402506351471, "f1_score": 0.7148935794830322, "val_loss": 1.719118595123291, "val_binary_accuracy": 0.5049999952316284, "val_precision": 1.0, "val_recall": 0.009999999776482582, "val_f1_score": 0.019801979884505272, "lr": 0.00016250000044237822, "best_val_loss": 0.8451886177062988, "best_epoch": 0, "best": {"valid": {"loss": 0.8436706066131592, "binary_accuracy": 0.6175000071525574, "precision": 0.6654929518699646, "recall": 0.4724999964237213, "f1_score": 0.5526315569877625}, "test": {"loss": 0.8452105522155762, "binary_accuracy": 0.6187499761581421, "precision": 0.6779026389122009, "recall": 0.45249998569488525, "f1_score": 0.5427286624908447}, "epoch": 1}, "_wandb": {"runtime": 545}}