{"num_train": 1000, "num_valid": 800, "num_test": 800, "_timestamp": 1690700406.485596, "_runtime": 253.69077587127686, "_step": 2, "GFLOPs": 0.8472719765, "epoch": 1, "loss": 0.6630470156669617, "binary_accuracy": 0.7580645084381104, "precision": 0.7857142686843872, "recall": 0.6637930870056152, "f1_score": 0.7196261882781982, "val_loss": 0.6069313287734985, "val_binary_accuracy": 0.7749999761581421, "val_precision": 0.6978417038917542, "val_recall": 0.9700000286102295, "val_f1_score": 0.8117154836654663, "lr": 0.00016250000044237822, "best_val_loss": 0.6069313287734985, "best_epoch": 1, "_wandb": {"runtime": 253}}