{"num_train": 1000, "num_valid": 800, "num_test": 800, "_timestamp": 1690699411.7011998, "_runtime": 386.18445587158203, "_step": 3, "GFLOPs": 0.8472719765, "epoch": 1, "loss": 0.6466443538665771, "binary_accuracy": 0.7691532373428345, "precision": 0.7730496525764465, "recall": 0.710869550704956, "f1_score": 0.7406569123268127, "val_loss": 1.789906620979309, "val_binary_accuracy": 0.5224999785423279, "val_precision": 1.0, "val_recall": 0.04500000178813934, "val_f1_score": 0.08612440526485443, "lr": 0.00016250000044237822, "best_val_loss": 0.8386396169662476, "best_epoch": 0, "best": {"valid": {"loss": 0.8398393392562866, "binary_accuracy": 0.6262500286102295, "precision": 0.726457417011261, "recall": 0.4050000011920929, "f1_score": 0.5200642347335815}, "test": {"loss": 0.8388701677322388, "binary_accuracy": 0.6225000023841858, "precision": 0.7247706651687622, "recall": 0.39500001072883606, "f1_score": 0.5113269090652466}, "epoch": 1}, "_wandb": {"runtime": 384}}