{"num_train": 1000, "num_valid": 800, "num_test": 800, "_timestamp": 1690731836.591392, "_runtime": 453.0507719516754, "_step": 3, "GFLOPs": 0.8472719765, "epoch": 1, "loss": 0.6921004056930542, "binary_accuracy": 0.7479838728904724, "precision": 0.7579618096351624, "recall": 0.7241379022598267, "f1_score": 0.7406638860702515, "val_loss": 0.7721026539802551, "val_binary_accuracy": 0.6712499856948853, "val_precision": 0.9928057789802551, "val_recall": 0.3449999988079071, "val_f1_score": 0.5120593905448914, "lr": 0.00016250000044237822, "best_val_loss": 0.7721026539802551, "best_epoch": 1, "best": {"valid": {"loss": 0.7708148956298828, "binary_accuracy": 0.6637499928474426, "precision": 0.9924812316894531, "recall": 0.33000001311302185, "f1_score": 0.49530959129333496}, "test": {"loss": 0.8523319959640503, "binary_accuracy": 0.5950000286102295, "precision": 0.9871794581413269, "recall": 0.19249999523162842, "f1_score": 0.3221757411956787}, "epoch": 2}, "_wandb": {"runtime": 451}}