{"num_train": 1000, "num_valid": 800, "num_test": 800, "_timestamp": 1690650837.562316, "_runtime": 238.3171980381012, "_step": 1, "epoch": 0, "loss": 0.8658753037452698, "binary_accuracy": 0.5504032373428345, "precision": 0.5510948896408081, "recall": 0.6015936136245728, "f1_score": 0.5752381086349487, "val_loss": 0.8609054684638977, "val_binary_accuracy": 0.5450000166893005, "val_precision": 0.8600000143051147, "val_recall": 0.10750000178813934, "val_f1_score": 0.19111110270023346, "lr": 4.999999873689376e-05, "best_val_loss": 0.8609054684638977, "best_epoch": 0}