{"num_train": 1000, "num_valid": 800, "num_test": 800, "_timestamp": 1690651186.251764, "_runtime": 587.006646156311, "_step": 3, "epoch": 1, "loss": 0.6920362114906311, "binary_accuracy": 0.742943525314331, "precision": 0.7384615540504456, "recall": 0.7118644118309021, "f1_score": 0.7249190807342529, "val_loss": 1.364634394645691, "val_binary_accuracy": 0.5525000095367432, "val_precision": 1.0, "val_recall": 0.10499999672174454, "val_f1_score": 0.19004523754119873, "lr": 0.00016250000044237822, "best_val_loss": 0.8609054684638977, "best_epoch": 0, "best": {"valid": {"loss": 0.8593530058860779, "binary_accuracy": 0.5425000190734863, "precision": 0.9047619104385376, "recall": 0.0949999988079071, "f1_score": 0.1719456911087036}, "test": {"loss": 0.8619516491889954, "binary_accuracy": 0.5525000095367432, "precision": 0.8387096524238586, "recall": 0.12999999523162842, "f1_score": 0.22510822117328644}, "epoch": 1}, "_wandb": {"runtime": 583}}