{"num_train": 1000, "num_valid": 800, "num_test": 800, "_timestamp": 1690703428.4266188, "_runtime": 286.4561758041382, "_step": 2, "GFLOPs": 0.8472719765, "epoch": 1, "loss": 0.6521071791648865, "binary_accuracy": 0.7832661271095276, "precision": 0.8080357313156128, "recall": 0.7372708916664124, "f1_score": 0.771032989025116, "val_loss": 1.241863489151001, "val_binary_accuracy": 0.5699999928474426, "val_precision": 1.0, "val_recall": 0.14000000059604645, "val_f1_score": 0.24561403691768646, "lr": 0.00016250000044237822, "best_val_loss": 0.874534547328949, "best_epoch": 0, "_wandb": {"runtime": 285}}