{"num_train": 1000, "num_valid": 800, "num_test": 800, "_timestamp": 1690703002.782794, "_runtime": 267.22072100639343, "_step": 2, "GFLOPs": 0.8472719765, "epoch": 1, "loss": 0.6770645380020142, "binary_accuracy": 0.7459677457809448, "precision": 0.7875000238418579, "recall": 0.6535269618034363, "f1_score": 0.7142857313156128, "val_loss": 0.7228992581367493, "val_binary_accuracy": 0.8012499809265137, "val_precision": 0.9652509689331055, "val_recall": 0.625, "val_f1_score": 0.7587253451347351, "lr": 0.00016250000044237822, "best_val_loss": 0.7228992581367493, "best_epoch": 1, "_wandb": {"runtime": 266}}