{"num_train": 1000, "num_valid": 800, "num_test": 800, "_timestamp": 1690726446.4497752, "_runtime": 1.511479139328003, "_step": 0, "GFLOPs": 0.8472719765}