{"num_train": 1000, "num_valid": 800, "num_test": 800, "_timestamp": 1690650036.9690702, "_runtime": 1.314831256866455, "_step": 0, "_wandb": {"runtime": 236}}