{"num_train": 1000, "num_valid": 800, "num_test": 800, "_timestamp": 1690699652.661289, "_runtime": 1.2350599765777588, "_step": 0, "_wandb": {"runtime": 4}}