{"num_train": 1000, "num_valid": 800, "num_test": 800, "_timestamp": 1690653742.014428, "_runtime": 2.740752935409546, "_step": 0, "GFLOPs": 0.8472719765}