{"num_train": 1000, "num_valid": 800, "num_test": 800, "_timestamp": 1690654306.94494, "_runtime": 567.6712651252747, "_step": 3, "GFLOPs": 0.8472719765, "epoch": 1, "loss": 0.7204628586769104, "binary_accuracy": 0.725806474685669, "precision": 0.7268623113632202, "recall": 0.6807610988616943, "f1_score": 0.7030567526817322, "val_loss": 1.1206226348876953, "val_binary_accuracy": 0.5724999904632568, "val_precision": 0.5392953753471375, "val_recall": 0.9950000047683716, "val_f1_score": 0.6994727849960327, "lr": 0.00016250000044237822, "best_val_loss": 0.8997802734375, "best_epoch": 0, "best": {"valid": {"loss": 1.1190911531448364, "binary_accuracy": 0.5774999856948853, "precision": 0.5422343611717224, "recall": 0.9950000047683716, "f1_score": 0.7019400596618652}, "test": {"loss": 0.9711350202560425, "binary_accuracy": 0.6449999809265137, "precision": 0.587087094783783, "recall": 0.9775000214576721, "f1_score": 0.7335835099220276}, "epoch": 2}, "_wandb": {"runtime": 565}}