{"num_train": 1000, "num_valid": 800, "num_test": 800, "_timestamp": 1690653706.539756, "_runtime": 437.2138321399689, "_step": 2, "epoch": 1, "loss": 0.7372555136680603, "binary_accuracy": 0.7137096524238586, "precision": 0.7286324501037598, "recall": 0.6847389340400696, "f1_score": 0.7060041427612305, "val_loss": 1.3752920627593994, "val_binary_accuracy": 0.5, "val_precision": 0.0, "val_recall": 0.0, "val_f1_score": 0.0, "lr": 0.00016250000044237822, "best_val_loss": 0.8520405292510986, "best_epoch": 0, "_wandb": {"runtime": 436}}