{"num_train": 1000, "num_valid": 800, "num_test": 800, "_timestamp": 1690651554.88037, "_runtime": 1.349843978881836, "_step": 0}