{"num_train": 1000, "num_valid": 800, "num_test": 800, "_timestamp": 1690652057.431228, "_runtime": 503.9007019996643, "_step": 3, "epoch": 1, "loss": 0.6983253955841064, "binary_accuracy": 0.75, "precision": 0.7783132791519165, "recall": 0.6743215322494507, "f1_score": 0.7225950956344604, "val_loss": 1.9773615598678589, "val_binary_accuracy": 0.5337499976158142, "val_precision": 1.0, "val_recall": 0.06750000268220901, "val_f1_score": 0.12646371126174927, "lr": 0.00016250000044237822, "best_val_loss": 0.8529137969017029, "best_epoch": 0, "best": {"valid": {"loss": 0.8547245264053345, "binary_accuracy": 0.5687500238418579, "precision": 0.8666666746139526, "recall": 0.16249999403953552, "f1_score": 0.27368420362472534}, "test": {"loss": 0.8485358357429504, "binary_accuracy": 0.5674999952316284, "precision": 0.8461538553237915, "recall": 0.16500000655651093, "f1_score": 0.276150643825531}, "epoch": 1}, "_wandb": {"runtime": 502}}