{"num_train": 1000, "num_valid": 800, "num_test": 800, "_timestamp": 1690706955.425388, "_runtime": 273.9577510356903, "_step": 2, "GFLOPs": 0.8472719765, "epoch": 1, "loss": 0.7341049313545227, "binary_accuracy": 0.7379032373428345, "precision": 0.7609195113182068, "recall": 0.6796714663505554, "f1_score": 0.7180042862892151, "val_loss": 0.5151562690734863, "val_binary_accuracy": 0.8575000166893005, "val_precision": 0.8928571343421936, "val_recall": 0.8125, "val_f1_score": 0.8507853150367737, "lr": 0.00016250000044237822, "best_val_loss": 0.5151562690734863, "best_epoch": 1, "_wandb": {"runtime": 273}}