{"num_train": 1000, "num_valid": 800, "num_test": 800, "_timestamp": 1690732632.140785, "_runtime": 392.4451138973236, "_step": 3, "GFLOPs": 0.8472719765, "epoch": 1, "loss": 0.7159382700920105, "binary_accuracy": 0.7237903475761414, "precision": 0.742222249507904, "recall": 0.6788617968559265, "f1_score": 0.7091295123100281, "val_loss": 1.1801737546920776, "val_binary_accuracy": 0.574999988079071, "val_precision": 1.0, "val_recall": 0.15000000596046448, "val_f1_score": 0.2608695924282074, "lr": 0.00016250000044237822, "best_val_loss": 0.8392189145088196, "best_epoch": 0, "best": {"valid": {"loss": 0.8408538699150085, "binary_accuracy": 0.6349999904632568, "precision": 0.6677018404006958, "recall": 0.5375000238418579, "f1_score": 0.5955678820610046}, "test": {"loss": 0.8415682315826416, "binary_accuracy": 0.6225000023841858, "precision": 0.6580645442008972, "recall": 0.5099999904632568, "f1_score": 0.5746479034423828}, "epoch": 1}, "_wandb": {"runtime": 391}}