{"num_train": 1000, "num_valid": 800, "num_test": 800, "_timestamp": 1690700848.120565, "_runtime": 254.71009302139282, "_step": 2, "GFLOPs": 0.8472719765, "epoch": 1, "loss": 0.7368040680885315, "binary_accuracy": 0.7046371102333069, "precision": 0.7068272829055786, "recall": 0.7054108381271362, "f1_score": 0.7061183452606201, "val_loss": 2.5503861904144287, "val_binary_accuracy": 0.5037500262260437, "val_precision": 1.0, "val_recall": 0.007499999832361937, "val_f1_score": 0.014888335950672626, "lr": 0.00016250000044237822, "best_val_loss": 0.8633216023445129, "best_epoch": 0, "_wandb": {"runtime": 254}}